id,name,description,price,category,subcategory,brand,image,inStock,stockQuantity,barcode,prescriptionRequired,manufacturer,activeIngredients,dosageForm,tags,source,scraped_at,last_checked,last_updated,scrape_session,createdAt,updatedAt
enhanced_prescription-drugs_001,Amoxicillin 500mg Capsules,Antibiotic for bacterial infections,2500,prescription-drugs,Antibiotics,Kunle Ara Pharmacy,/images/prescription_drugs/amoxicillin_500mg_capsules.jpg,True,60,533651440995,True,Various,['Amoxicillin'],capsule,['prescription drugs'],Enhanced Fallback Products,2026-01-07T17:26:37.862848,2026-01-08T00:13:39.524016,,,,
enhanced_prescription-drugs_002,Augmentin 625mg Tablets,Broad-spectrum antibiotic,4500,prescription-drugs,Antibiotics,Kunle Ara Pharmacy,/images/prescription_drugs/augmentin_625mg_tablets.jpg,True,44,370256942842,True,Various,[],tablet,['prescription drugs'],Enhanced Fallback Products,2026-01-07T17:26:37.862892,2026-01-08T00:13:39.524021,,,,
enhanced_prescription-drugs_003,Ciprofloxacin 500mg Tablets,Fluoroquinolone antibiotic,3200,prescription-drugs,General Prescription,Kunle Ara Pharmacy,/images/prescription_drugs/ciprofloxacin_500mg_tablets.jpg,True,79,877872640519,True,Various,[],tablet,['prescription drugs'],Enhanced Fallback Products,2026-01-07T17:26:37.862923,2026-01-08T00:13:39.524023,,,,
enhanced_prescription-drugs_004,Metronidazole 400mg Tablets,Antiprotozoal and antibacterial,1800,prescription-drugs,General Prescription,Kunle Ara Pharmacy,/images/prescription_drugs/metronidazole_400mg_tablets.jpg,True,44,770873569457,True,Various,[],tablet,['prescription drugs'],Enhanced Fallback Products,2026-01-07T17:26:37.862951,2026-01-08T00:13:39.524024,,,,
enhanced_prescription-drugs_005,Artemether Lumefantrine Tablets,Antimalarial medication,3500,prescription-drugs,Antimalarials,Kunle Ara Pharmacy,/images/prescription_drugs/artemether_lumefantrine_tablets.jpg,True,15,162596558812,True,Various,[],tablet,['prescription drugs'],Enhanced Fallback Products,2026-01-07T17:26:37.862978,2026-01-08T00:13:39.524025,,,,
enhanced_prescription-drugs_006,Omeprazole 20mg Capsules,Proton pump inhibitor,2800,prescription-drugs,Gastric Care,Kunle Ara Pharmacy,/images/prescription_drugs/omeprazole_20mg_capsules.jpg,True,71,152089143183,True,Various,[],capsule,['prescription drugs'],Enhanced Fallback Products,2026-01-07T17:26:37.863001,2026-01-08T00:13:39.524025,,,,
enhanced_prescription-drugs_007,Atenolol 50mg Tablets,Beta-blocker for hypertension,2200,prescription-drugs,Cardiovascular,Kunle Ara Pharmacy,/images/prescription_drugs/atenolol_50mg_tablets.jpg,True,57,161090000664,True,Various,[],tablet,['prescription drugs'],Enhanced Fallback Products,2026-01-07T17:26:37.863026,2026-01-08T00:13:39.524026,,,,
enhanced_prescription-drugs_008,Metformin 500mg Tablets,Diabetes medication,1900,prescription-drugs,General Prescription,Kunle Ara Pharmacy,/images/prescription_drugs/metformin_500mg_tablets.jpg,True,49,906123285488,True,Various,[],tablet,['prescription drugs'],Enhanced Fallback Products,2026-01-07T17:26:37.863058,2026-01-08T00:13:39.524027,,,,
enhanced_otc-medications_009,Paracetamol 500mg Tablets,Pain relief and fever reducer,600,otc-medications,Pain Relief,Kunle Ara Pharmacy,/images/otc_medications/paracetamol_500mg_tablets.jpg,True,47,147651185806,False,Various,['Paracetamol'],tablet,['otc medications'],Enhanced Fallback Products,2026-01-07T17:26:37.863093,2026-01-08T00:13:39.524027,,,,
enhanced_otc-medications_010,Panadol Extra Tablets,Enhanced pain relief formula,900,otc-medications,General OTC,Kunle Ara Pharmacy,/images/otc_medications/panadol_extra_tablets.jpg,True,62,739209237938,False,GlaxoSmithKline,[],tablet,['otc medications'],Enhanced Fallback Products,2026-01-07T17:26:37.863122,2026-01-08T00:13:39.524028,,,,
enhanced_otc-medications_011,Ibuprofen 400mg Tablets,Anti-inflammatory pain reliever,800,otc-medications,Pain Relief,Kunle Ara Pharmacy,/images/otc_medications/ibuprofen_400mg_tablets.jpg,True,70,398484254216,False,Various,['Ibuprofen'],tablet,['otc medications'],Enhanced Fallback Products,2026-01-07T17:26:37.863147,2026-01-08T00:13:39.524028,,,,
enhanced_otc-medications_012,Boska Pain Relief Tablets,Nigerian pain relief brand,500,otc-medications,Pain Relief,Kunle Ara Pharmacy,/images/otc_medications/boska_pain_relief_tablets.jpg,True,61,946483155507,False,Boska Pharmaceuticals,[],tablet,"['otc medications', 'pain relief']",Enhanced Fallback Products,2026-01-07T17:26:37.863174,2026-01-08T00:13:39.524029,,,,
enhanced_otc-medications_013,Alabukun Powder,Traditional Nigerian analgesic,300,otc-medications,General OTC,Kunle Ara Pharmacy,/images/otc_medications/alabukun_powder.jpg,True,69,937088372031,False,Various,[],powder,['otc medications'],Enhanced Fallback Products,2026-01-07T17:26:37.863198,2026-01-08T00:13:39.524030,,,,
enhanced_otc-medications_014,Benylin Cough Syrup 100ml,Cough and cold relief,1200,otc-medications,Cold & Flu,Kunle Ara Pharmacy,/images/otc_medications/benylin_cough_syrup_100ml.jpg,True,66,709043886349,False,Various,[],liquid,['otc medications'],Enhanced Fallback Products,2026-01-07T17:26:37.863221,2026-01-08T00:13:39.524030,,,,
enhanced_otc-medications_015,ORS Oral Rehydration Salt,Electrolyte replacement,200,otc-medications,General OTC,Kunle Ara Pharmacy,/images/otc_medications/ors_oral_rehydration_salt.jpg,True,18,761918911855,False,Various,[],other,['otc medications'],Enhanced Fallback Products,2026-01-07T17:26:37.863247,2026-01-08T00:13:39.524031,,,,
enhanced_otc-medications_016,Antacid Tablets,Stomach acid neutralizer,450,otc-medications,Digestive Health,Kunle Ara Pharmacy,/images/otc_medications/antacid_tablets.jpg,True,57,190891217345,False,Various,[],tablet,['otc medications'],Enhanced Fallback Products,2026-01-07T17:26:37.863273,2026-01-08T00:13:39.524032,,,,
enhanced_supplements_017,Vitamin C 1000mg Tablets,Immune system support,2500,supplements,Vitamins,Kunle Ara Pharmacy,/images/supplements/vitamin_c_1000mg_tablets.jpg,True,16,401959538064,False,Various,['Ascorbic Acid'],tablet,"['supplements', 'supplement']",Enhanced Fallback Products,2026-01-07T17:26:37.863295,2026-01-08T00:13:39.524032,,,,
enhanced_supplements_018,Centrum Multivitamin,Complete daily nutrition,4000,supplements,Vitamins,Kunle Ara Pharmacy,/images/supplements/centrum_multivitamin.jpg,True,17,387723731557,False,Pfizer Consumer Healthcare,[],other,"['supplements', 'supplement']",Enhanced Fallback Products,2026-01-07T17:26:37.863319,2026-01-08T00:13:39.524033,,,,
enhanced_supplements_019,Calcium Vitamin D3 Tablets,Bone health support,3200,supplements,Vitamins,Kunle Ara Pharmacy,/images/supplements/calcium_vitamin_d3_tablets.jpg,True,42,277795204834,False,Various,['Calcium Carbonate'],tablet,"['supplements', 'supplement']",Enhanced Fallback Products,2026-01-07T17:26:37.863342,2026-01-08T00:13:39.524033,,,,
enhanced_supplements_020,Iron Folic Acid Tablets,Anemia prevention,1800,supplements,Minerals,Kunle Ara Pharmacy,/images/supplements/iron_folic_acid_tablets.jpg,True,43,117867004805,False,Various,['Ferrous Sulfate'],tablet,['supplements'],Enhanced Fallback Products,2026-01-07T17:26:37.863365,2026-01-08T00:13:39.524034,,,,
enhanced_supplements_021,Cod Liver Oil Capsules,Omega-3 and vitamins,3500,supplements,General Supplements,Kunle Ara Pharmacy,/images/supplements/cod_liver_oil_capsules.jpg,True,22,257256007768,False,Various,[],capsule,['supplements'],Enhanced Fallback Products,2026-01-07T17:26:37.863393,2026-01-08T00:13:39.524035,,,,
enhanced_supplements_022,Zinc Tablets 50mg,Immune and wound healing,2000,supplements,General Supplements,Kunle Ara Pharmacy,/images/supplements/zinc_tablets_50mg.jpg,True,44,997534422847,False,Various,[],tablet,['supplements'],Enhanced Fallback Products,2026-01-07T17:26:37.863416,2026-01-08T00:13:39.524035,,,,
enhanced_supplements_023,Vitamin B Complex,Energy and nervous system,2200,supplements,Vitamins,Kunle Ara Pharmacy,/images/supplements/vitamin_b_complex.jpg,True,41,299448576673,False,Various,[],other,"['supplements', 'supplement']",Enhanced Fallback Products,2026-01-07T17:26:37.863437,2026-01-08T00:13:39.524036,,,,
enhanced_supplements_024,Magnesium Supplements,Muscle and nerve function,2800,supplements,General Supplements,Kunle Ara Pharmacy,/images/supplements/magnesium_supplements.jpg,True,43,878917645570,False,Various,[],other,['supplements'],Enhanced Fallback Products,2026-01-07T17:26:37.863462,2026-01-08T00:13:39.524037,,,,
enhanced_beverages_025,Coca Cola 35cl,Classic soft drink,200,beverages,General,Kunle Ara Pharmacy,/images/beverages/coca_cola_35cl.jpg,True,46,664463817943,False,Coca-Cola Company,[],other,['beverages'],Enhanced Fallback Products,2026-01-07T17:26:37.863483,2026-01-08T00:13:39.524037,,,,
enhanced_beverages_026,Sprite 50cl,Lemon-lime soda,250,beverages,General,Kunle Ara Pharmacy,/images/beverages/sprite_50cl.jpg,True,58,316307835957,False,Various,[],other,['beverages'],Enhanced Fallback Products,2026-01-07T17:26:37.863501,2026-01-08T00:13:39.524038,,,,
enhanced_beverages_027,Fanta Orange 35cl,Orange flavored drink,200,beverages,General,Kunle Ara Pharmacy,/images/beverages/fanta_orange_35cl.jpg,True,42,961523184916,False,Various,[],other,['beverages'],Enhanced Fallback Products,2026-01-07T17:26:37.863522,2026-01-08T00:13:39.524039,,,,
enhanced_beverages_028,Eva Water 75cl,Pure drinking water,150,beverages,General,Kunle Ara Pharmacy,/images/beverages/eva_water_75cl.jpg,True,54,524865773436,False,Various,[],other,['beverages'],Enhanced Fallback Products,2026-01-07T17:26:37.863542,2026-01-08T00:13:39.524039,,,,
enhanced_beverages_029,Chi Exotic Juice 1L,Fruit juice blend,400,beverages,General,Kunle Ara Pharmacy,/images/beverages/chi_exotic_juice_1l.jpg,True,69,795874496955,False,Various,[],other,['beverages'],Enhanced Fallback Products,2026-01-07T17:26:37.863564,2026-01-08T00:13:39.524040,,,,
enhanced_beverages_030,Hollandia Yoghurt,Probiotic dairy drink,500,beverages,General,Kunle Ara Pharmacy,/images/beverages/hollandia_yoghurt.jpg,True,80,859425640350,False,Various,[],other,['beverages'],Enhanced Fallback Products,2026-01-07T17:26:37.863585,2026-01-08T00:13:39.524040,,,,
enhanced_beverages_031,Pepsi 50cl,Cola soft drink,250,beverages,General,Kunle Ara Pharmacy,/images/beverages/pepsi_50cl.jpg,True,18,134324256884,False,Various,[],other,['beverages'],Enhanced Fallback Products,2026-01-07T17:26:37.863606,2026-01-08T00:13:39.524041,,,,
enhanced_beverages_032,7UP 35cl,Lemon lime drink,200,beverages,General,Kunle Ara Pharmacy,/images/beverages/7up_35cl.jpg,True,61,949389659026,False,Various,[],other,['beverages'],Enhanced Fallback Products,2026-01-07T17:26:37.863624,2026-01-08T00:13:39.524041,,,,
enhanced_snacks_033,Digestive Biscuits,Healthy wholemeal biscuits,800,snacks,General,Kunle Ara Pharmacy,/images/snacks/digestive_biscuits.jpg,True,58,817975215343,False,Various,[],other,['snacks'],Enhanced Fallback Products,2026-01-07T17:26:37.863647,2026-01-08T00:13:39.524042,,,,
enhanced_snacks_034,Pringles Original 165g,Potato crisps,1200,snacks,General,Kunle Ara Pharmacy,/images/snacks/pringles_original_165g.jpg,True,54,550604248566,False,Kellogg Company,[],other,['snacks'],Enhanced Fallback Products,2026-01-07T17:26:37.863666,2026-01-08T00:13:39.524043,,,,
enhanced_snacks_035,Gala Sausage Roll,Meat pastry snack,300,snacks,General,Kunle Ara Pharmacy,/images/snacks/gala_sausage_roll.jpg,True,39,440317069922,False,Various,[],other,['snacks'],Enhanced Fallback Products,2026-01-07T17:26:37.863693,2026-01-08T00:13:39.524043,,,,
enhanced_snacks_036,Plantain Chips 100g,Crunchy fried plantain,500,snacks,General,Kunle Ara Pharmacy,/images/snacks/plantain_chips_100g.jpg,True,54,868578833500,False,Various,[],other,['snacks'],Enhanced Fallback Products,2026-01-07T17:26:37.863716,2026-01-08T00:13:39.524044,,,,
enhanced_snacks_037,Groundnut 100g,Roasted peanuts,300,snacks,General,Kunle Ara Pharmacy,/images/snacks/groundnut_100g.jpg,True,40,830834300264,False,Various,[],other,['snacks'],Enhanced Fallback Products,2026-01-07T17:26:37.863739,2026-01-08T00:13:39.524044,,,,
enhanced_snacks_038,Cabin Biscuits,Classic cream crackers,400,snacks,General,Kunle Ara Pharmacy,/images/snacks/cabin_biscuits.jpg,True,27,669766380290,False,Various,[],other,['snacks'],Enhanced Fallback Products,2026-01-07T17:26:37.863761,2026-01-08T00:13:39.524045,,,,
enhanced_snacks_039,Shortbread Biscuits,Buttery Scottish biscuits,700,snacks,General,Kunle Ara Pharmacy,/images/snacks/shortbread_biscuits.jpg,True,42,599391339256,False,Various,[],other,['snacks'],Enhanced Fallback Products,2026-01-07T17:26:37.863783,2026-01-08T00:13:39.524046,,,,
enhanced_snacks_040,Meat Pie,Savory pastry with meat filling,400,snacks,General,Kunle Ara Pharmacy,/images/snacks/meat_pie.jpg,True,67,204113823483,False,Various,[],other,['snacks'],Enhanced Fallback Products,2026-01-07T17:26:37.863804,2026-01-08T00:13:39.524046,,,,
enhanced_personal-care_041,Dettol Antiseptic 250ml,Wound cleaning antiseptic,1500,personal-care,General,Kunle Ara Pharmacy,/images/personal_care/dettol_antiseptic_250ml.jpg,True,44,604964202170,False,Reckitt Benckiser,[],other,"['personal care', 'first aid']",Enhanced Fallback Products,2026-01-07T17:26:37.863827,2026-01-08T00:13:39.524047,,,,
enhanced_personal-care_042,Savlon Antiseptic Cream,First aid antiseptic,1000,personal-care,General,Kunle Ara Pharmacy,/images/personal_care/savlon_antiseptic_cream.jpg,True,68,823939375590,False,Various,[],cream,"['personal care', 'first aid']",Enhanced Fallback Products,2026-01-07T17:26:37.863848,2026-01-08T00:13:39.524048,,,,
enhanced_baby-care_043,Johnson Baby Oil 300ml,Gentle moisturizing oil,1200,baby-care,General,Kunle Ara Pharmacy,/images/baby_care/johnson_baby_oil_300ml.jpg,True,48,414249999259,False,Johnson & Johnson,[],other,"['baby care', 'infant care']",Enhanced Fallback Products,2026-01-07T17:26:37.863869,2026-01-08T00:13:39.524048,,,,
enhanced_personal-care_044,Vaseline Petroleum Jelly,Skin protection and healing,800,personal-care,General,Kunle Ara Pharmacy,/images/personal_care/vaseline_petroleum_jelly.jpg,True,68,559093181465,False,Various,[],other,['personal care'],Enhanced Fallback Products,2026-01-07T17:26:37.863892,2026-01-08T00:13:39.524049,,,,
enhanced_personal-care_045,Cotton Wool 50g,Medical grade cotton,400,personal-care,General,Kunle Ara Pharmacy,/images/personal_care/cotton_wool_50g.jpg,True,68,405949972749,False,Various,[],other,['personal care'],Enhanced Fallback Products,2026-01-07T17:26:37.863911,2026-01-08T00:13:39.524049,,,,
enhanced_personal-care_046,Bandage Roll 5cm,First aid bandaging,300,personal-care,General,Kunle Ara Pharmacy,/images/personal_care/bandage_roll_5cm.jpg,True,62,342847080110,False,Various,[],other,['personal care'],Enhanced Fallback Products,2026-01-07T17:26:37.863931,2026-01-08T00:13:39.524050,,,,
enhanced_personal-care_047,Hand Sanitizer 100ml,Alcohol-based hand cleaner,600,personal-care,General,Kunle Ara Pharmacy,/images/personal_care/hand_sanitizer_100ml.jpg,True,35,611983653991,False,Various,[],other,['personal care'],Enhanced Fallback Products,2026-01-07T17:26:37.863953,2026-01-08T00:13:39.524051,,,,
enhanced_personal-care_048,Hydrogen Peroxide 100ml,Antiseptic solution,500,personal-care,General,Kunle Ara Pharmacy,/images/personal_care/hydrogen_peroxide_100ml.jpg,True,56,478821149810,False,Various,[],other,['personal care'],Enhanced Fallback Products,2026-01-07T17:26:37.863975,2026-01-08T00:13:39.524051,,,,
enhanced_household_049,Dettol Disinfectant 500ml,Surface disinfectant,2000,household,General,Kunle Ara Pharmacy,/images/household/dettol_disinfectant_500ml.jpg,True,38,898591918672,False,Reckitt Benckiser,[],other,['household'],Enhanced Fallback Products,2026-01-07T17:26:37.864000,2026-01-08T00:13:39.524052,,,,
enhanced_household_050,Toilet Paper 4-pack,Soft tissue paper,1200,household,General,Kunle Ara Pharmacy,/images/household/toilet_paper_4-pack.jpg,True,34,776938444015,False,Various,[],other,['household'],Enhanced Fallback Products,2026-01-07T17:26:37.864029,2026-01-08T00:13:39.524052,,,,
enhanced_household_051,Omo Detergent 500g,Laundry washing powder,1500,household,General,Kunle Ara Pharmacy,/images/household/omo_detergent_500g.jpg,True,25,220937379436,False,Various,[],other,['household'],Enhanced Fallback Products,2026-01-07T17:26:37.864050,2026-01-08T00:13:39.524053,,,,
enhanced_household_052,Baygon Insecticide Spray,Insect killer spray,1800,household,General,Kunle Ara Pharmacy,/images/household/baygon_insecticide_spray.jpg,True,78,220380397796,False,Various,[],other,['household'],Enhanced Fallback Products,2026-01-07T17:26:37.864072,2026-01-08T00:13:39.524054,,,,
enhanced_household_053,Air Freshener Spray,Room fragrance spray,800,household,General,Kunle Ara Pharmacy,/images/household/air_freshener_spray.jpg,True,74,387046515182,False,Various,[],other,['household'],Enhanced Fallback Products,2026-01-07T17:26:37.864093,2026-01-08T00:13:39.524054,,,,
enhanced_household_054,Duracell Batteries AA,Long-lasting batteries,600,household,General,Kunle Ara Pharmacy,/images/household/duracell_batteries_aa.jpg,True,68,330908182344,False,Various,[],other,['household'],Enhanced Fallback Products,2026-01-07T17:26:37.864116,2026-01-08T00:13:39.524055,,,,
enhanced_household_055,Rose Tissue Paper,Facial tissue,400,household,General,Kunle Ara Pharmacy,/images/household/rose_tissue_paper.jpg,True,77,527327903687,False,Various,[],other,['household'],Enhanced Fallback Products,2026-01-07T17:26:37.864136,2026-01-08T00:13:39.524055,,,,
enhanced_household_056,Candles Pack of 6,Emergency lighting,300,household,General,Kunle Ara Pharmacy,/images/household/candles_pack_of_6.jpg,True,55,670366076587,False,Various,[],other,['household'],Enhanced Fallback Products,2026-01-07T17:26:37.864156,2026-01-08T00:13:39.524056,,,,
enhanced_baby-care_057,Pampers Baby Dry Size 3,Disposable diapers,4500,baby-care,General,Kunle Ara Pharmacy,/images/baby_care/pampers_baby_dry_size_3.jpg,True,74,345962846268,False,Procter & Gamble,[],other,"['baby care', 'infant care']",Enhanced Fallback Products,2026-01-07T17:26:37.864176,2026-01-08T00:13:39.524057,,,,
enhanced_baby-care_058,SMA Baby Formula 400g,Infant milk formula,5500,baby-care,General,Kunle Ara Pharmacy,/images/baby_care/sma_baby_formula_400g.jpg,True,28,847372500270,False,Various,[],other,"['baby care', 'infant care']",Enhanced Fallback Products,2026-01-07T17:26:37.864197,2026-01-08T00:13:39.524057,,,,
enhanced_baby-care_059,Johnson Baby Shampoo,No tears baby shampoo,1500,baby-care,General,Kunle Ara Pharmacy,/images/baby_care/johnson_baby_shampoo.jpg,True,57,170003209929,False,Johnson & Johnson,[],other,"['baby care', 'infant care']",Enhanced Fallback Products,2026-01-07T17:26:37.864217,2026-01-08T00:13:39.524058,,,,
enhanced_baby-care_060,Baby Wipes 80-pack,Gentle cleansing wipes,1200,baby-care,General,Kunle Ara Pharmacy,/images/baby_care/baby_wipes_80-pack.jpg,True,41,118376375815,False,Various,[],other,"['baby care', 'infant care']",Enhanced Fallback Products,2026-01-07T17:26:37.864237,2026-01-08T00:13:39.524058,,,,
enhanced_baby-care_061,Cerelac Baby Food 400g,Nutritious baby cereal,2200,baby-care,General,Kunle Ara Pharmacy,/images/baby_care/cerelac_baby_food_400g.jpg,True,24,478908871421,False,Various,[],other,"['baby care', 'infant care']",Enhanced Fallback Products,2026-01-07T17:26:37.864259,2026-01-08T00:13:39.524059,,,,
enhanced_baby-care_062,Feeding Bottle 250ml,BPA-free baby bottle,2000,baby-care,General,Kunle Ara Pharmacy,/images/baby_care/feeding_bottle_250ml.jpg,True,67,248877051090,False,Various,[],other,['baby care'],Enhanced Fallback Products,2026-01-07T17:26:37.864279,2026-01-08T00:13:39.524059,,,,
enhanced_baby-care_063,Baby Powder 200g,Talcum powder for babies,1300,baby-care,General,Kunle Ara Pharmacy,/images/baby_care/baby_powder_200g.jpg,True,79,702056698461,False,Various,[],powder,"['baby care', 'infant care']",Enhanced Fallback Products,2026-01-07T17:26:37.864299,2026-01-08T00:13:39.524060,,,,
enhanced_baby-care_064,Pacifier Size 1,Baby soother,800,baby-care,General,Kunle Ara Pharmacy,/images/baby_care/pacifier_size_1.jpg,True,69,716360244916,False,Various,[],other,['baby care'],Enhanced Fallback Products,2026-01-07T17:26:37.864318,2026-01-08T00:13:39.524061,,,,
enhanced_herbal-natural_065,Moringa Powder 100g,Organic superfood powder,2500,herbal-natural,General,Kunle Ara Pharmacy,/images/herbal_natural/moringa_powder_100g.jpg,True,48,610628871869,False,Various,[],powder,['herbal natural'],Enhanced Fallback Products,2026-01-07T17:26:37.864339,2026-01-08T00:13:39.524061,,,,
enhanced_herbal-natural_066,Ginger Honey Tea,Natural immune booster,1500,herbal-natural,General,Kunle Ara Pharmacy,/images/herbal_natural/ginger_honey_tea.jpg,True,53,752775710203,False,Various,[],other,['herbal natural'],Enhanced Fallback Products,2026-01-07T17:26:37.864371,2026-01-08T00:13:39.524062,,,,
enhanced_supplements_067,Turmeric Capsules,Anti-inflammatory supplement,3000,supplements,General Supplements,Kunle Ara Pharmacy,/images/supplements/turmeric_capsules.jpg,True,39,468726001905,False,Various,[],capsule,['supplements'],Enhanced Fallback Products,2026-01-07T17:26:37.864395,2026-01-08T00:13:39.524063,,,,
enhanced_herbal-natural_068,Black Seed Oil 100ml,Traditional healing oil,2800,herbal-natural,General,Kunle Ara Pharmacy,/images/herbal_natural/black_seed_oil_100ml.jpg,True,75,715264866177,False,Various,[],other,['herbal natural'],Enhanced Fallback Products,2026-01-07T17:26:37.864417,2026-01-08T00:13:39.524064,,,,
enhanced_herbal-natural_069,Pure Honey 500g,Raw unprocessed honey,3500,herbal-natural,General,Kunle Ara Pharmacy,/images/herbal_natural/pure_honey_500g.jpg,True,76,438994252852,False,Various,[],other,['herbal natural'],Enhanced Fallback Products,2026-01-07T17:26:37.864438,2026-01-08T00:13:39.524064,,,,
enhanced_herbal-natural_070,Garlic Supplement,Natural cardiovascular support,2200,herbal-natural,General,Kunle Ara Pharmacy,/images/herbal_natural/garlic_supplement.jpg,True,17,347285807257,False,Various,[],other,['herbal natural'],Enhanced Fallback Products,2026-01-07T17:26:37.864460,2026-01-08T00:13:39.524065,,,,
enhanced_fitness-wellness_071,Whey Protein Powder 1kg,Muscle building supplement,8500,fitness-wellness,General,Kunle Ara Pharmacy,/images/fitness_wellness/whey_protein_powder_1kg.jpg,True,38,162687713205,False,Various,[],powder,['fitness wellness'],Enhanced Fallback Products,2026-01-07T17:26:37.864486,2026-01-08T00:13:39.524065,,,,
enhanced_fitness-wellness_072,Creatine Monohydrate,Performance enhancement,6500,fitness-wellness,General,Kunle Ara Pharmacy,/images/fitness_wellness/creatine_monohydrate.jpg,True,47,213794134709,False,Various,[],other,['fitness wellness'],Enhanced Fallback Products,2026-01-07T17:26:37.864507,2026-01-08T00:13:39.524066,,,,
enhanced_fitness-wellness_073,BCAA Amino Acids,Workout recovery supplement,7200,fitness-wellness,General,Kunle Ara Pharmacy,/images/fitness_wellness/bcaa_amino_acids.jpg,True,68,492987597497,False,Various,[],other,['fitness wellness'],Enhanced Fallback Products,2026-01-07T17:26:37.864529,2026-01-08T00:13:39.524067,,,,
enhanced_fitness-wellness_074,Fat Burner Capsules,Weight management support,5500,fitness-wellness,General,Kunle Ara Pharmacy,/images/fitness_wellness/fat_burner_capsules.jpg,True,42,535651324853,False,Various,[],capsule,['fitness wellness'],Enhanced Fallback Products,2026-01-07T17:26:37.864550,2026-01-08T00:13:39.524067,,,,
enhanced_beverages_075,Pre-workout Energy Drink,Exercise performance booster,4500,beverages,General,Kunle Ara Pharmacy,/images/beverages/pre-workout_energy_drink.jpg,True,56,883321178210,False,Various,[],other,['beverages'],Enhanced Fallback Products,2026-01-07T17:26:37.864574,2026-01-08T00:13:39.524068,,,,
enhanced_fitness-wellness_076,Mass Gainer Powder,Weight gain supplement,9200,fitness-wellness,General,Kunle Ara Pharmacy,/images/fitness_wellness/mass_gainer_powder.jpg,True,55,813621408594,False,Various,[],powder,['fitness wellness'],Enhanced Fallback Products,2026-01-07T17:26:37.864596,2026-01-08T00:13:39.524069,,,,
fallback_20260108_003,Paracetamol 500mg,Quality Paracetamol 500mg from Kunle Ara Pharmacy,600,otc-medications,,Kunle Ara Pharmacy,,True,55,,False,,,,,Fallback Products,,,2026-01-08T00:13:39.519799,1.0,,
fallback_20260108_004,Panadol Extra,Quality Panadol Extra from Kunle Ara Pharmacy,900,otc-medications,,Kunle Ara Pharmacy,,True,40,,False,,,,,Fallback Products,,,2026-01-08T00:13:39.519860,1.0,,
fallback_20260108_005,Vitamin C 1000mg,Quality Vitamin C 1000mg from Kunle Ara Pharmacy,2500,supplements,,Kunle Ara Pharmacy,,True,17,,False,,,,,Fallback Products,,,2026-01-08T00:13:39.519900,1.0,,
fallback_20260108_006,Multivitamin Tablets,Quality Multivitamin Tablets from Kunle Ara Pharmacy,4000,supplements,,Kunle Ara Pharmacy,,True,69,,False,,,,,Fallback Products,,,2026-01-08T00:13:39.519921,1.0,,
fallback_20260108_010,Pringles Chips,Quality Pringles Chips from Kunle Ara Pharmacy,1200,snacks,,Kunle Ara Pharmacy,,True,52,,False,,,,,Fallback Products,,,2026-01-08T00:13:39.519981,1.0,,
fallback_20260108_011,Dettol Antiseptic,Quality Dettol Antiseptic from Kunle Ara Pharmacy,1500,personal-care,,Kunle Ara Pharmacy,,True,76,,False,,,,,Fallback Products,,,2026-01-08T00:13:39.519996,1.0,,
fallback_20260108_012,Baby Oil,Quality Baby Oil from Kunle Ara Pharmacy,1200,baby-care,,Kunle Ara Pharmacy,,True,45,,False,,,,,Fallback Products,,,2026-01-08T00:13:39.520009,1.0,,
fallback_20260108_013,Toilet Paper,Quality Toilet Paper from Kunle Ara Pharmacy,1200,household,,Kunle Ara Pharmacy,,True,24,,False,,,,,Fallback Products,,,2026-01-08T00:13:39.520037,1.0,,
fallback_20260108_014,Detergent,Quality Detergent from Kunle Ara Pharmacy,1500,household,,Kunle Ara Pharmacy,,True,25,,False,,,,,Fallback Products,,,2026-01-08T00:13:39.520063,1.0,,
fallback_20260108_015,Baby Diapers,Quality Baby Diapers from Kunle Ara Pharmacy,4500,baby-care,,Kunle Ara Pharmacy,,True,35,,False,,,,,Fallback Products,,,2026-01-08T00:13:39.520078,1.0,,
fallback_20260108_016,Baby Formula,Quality Baby Formula from Kunle Ara Pharmacy,5500,baby-care,,Kunle Ara Pharmacy,,True,27,,False,,,,,Fallback Products,,,2026-01-08T00:13:39.520091,1.0,,
fallback_20260108_017,Moringa Powder,Quality Moringa Powder from Kunle Ara Pharmacy,2500,herbal-natural,,Kunle Ara Pharmacy,,True,17,,False,,,,,Fallback Products,,,2026-01-08T00:13:39.520105,1.0,,
fallback_20260108_018,Ginger Tea,Quality Ginger Tea from Kunle Ara Pharmacy,1500,herbal-natural,,Kunle Ara Pharmacy,,True,16,,False,,,,,Fallback Products,,,2026-01-08T00:13:39.520169,1.0,,
fallback_20260108_019,Protein Powder,Quality Protein Powder from Kunle Ara Pharmacy,8500,fitness-wellness,,Kunle Ara Pharmacy,,True,16,,False,,,,,Fallback Products,,,2026-01-08T00:13:39.520182,1.0,,
fallback_20260108_020,Creatine Supplement,Quality Creatine Supplement from Kunle Ara Pharmacy,6500,supplements,,Kunle Ara Pharmacy,,True,15,,False,,,,,Fallback Products,,,2026-01-08T00:13:39.520191,1.0,,
gen_prescription-drugs_001,Amoxicillin 500mg,High-quality Amoxicillin 500mg from Emzor. Professional pharmaceutical grade medication.,2160,prescription-drugs,General,Emzor,/images/prescription_drugs/amoxicillin_500mg.jpg,True,47,922960540950,True,Emzor,['Amoxicillin'],tablet,['prescription drugs'],Generated,,,,,2026-01-07T16:46:59.018055,2026-01-07T16:46:59.018062
gen_prescription-drugs_005,Ibuprofen 400mg,High-quality Ibuprofen 400mg from GSK. Professional pharmaceutical grade medication.,623,prescription-drugs,General,GSK,/images/prescription_drugs/ibuprofen_400mg.jpg,True,93,776654993611,True,GSK,['Ibuprofen'],tablet,['prescription drugs'],Generated,,,,,2026-01-07T16:46:59.018106,2026-01-07T16:46:59.018107
gen_prescription-drugs_008,Ciprofloxacin 500mg,High-quality Ciprofloxacin 500mg from Ranbaxy. Professional pharmaceutical grade medication.,3673,prescription-drugs,General,Ranbaxy,/images/prescription_drugs/ciprofloxacin_500mg.jpg,True,70,899898753943,True,Ranbaxy,[],tablet,['prescription drugs'],Generated,,,,,2026-01-07T16:46:59.018127,2026-01-07T16:46:59.018128
gen_prescription-drugs_010,Metronidazole 400mg,High-quality Metronidazole 400mg from May & Baker. Professional pharmaceutical grade medication.,1451,prescription-drugs,General,May & Baker,/images/prescription_drugs/metronidazole_400mg.jpg,True,12,524238051466,True,May & Baker,[],tablet,['prescription drugs'],Generated,,,,,2026-01-07T16:46:59.018143,2026-01-07T16:46:59.018144
gen_prescription-drugs_012,Augmentin 625mg,High-quality Augmentin 625mg from Emzor. Professional pharmaceutical grade medication.,5841,prescription-drugs,General,Emzor,/images/prescription_drugs/augmentin_625mg.jpg,True,109,237600480165,True,Emzor,[],tablet,['prescription drugs'],Generated,,,,,2026-01-07T16:46:59.018159,2026-01-07T16:46:59.018159
gen_prescription-drugs_014,Flagyl 400mg,High-quality Flagyl 400mg from Emzor. Professional pharmaceutical grade medication.,1598,prescription-drugs,General,Emzor,/images/prescription_drugs/flagyl_400mg.jpg,True,144,108712879785,True,Emzor,[],tablet,['prescription drugs'],Generated,,,,,2026-01-07T16:46:59.018174,2026-01-07T16:46:59.018175
gen_prescription-drugs_016,Artemether/Lumefantrine,High-quality Artemether/Lumefantrine from Novartis. Professional pharmaceutical grade medication.,3289,prescription-drugs,General,Novartis,/images/prescription_drugs/artemether/lumefantrine.jpg,True,192,763935412527,True,Novartis,[],other,['prescription drugs'],Generated,,,,,2026-01-07T16:46:59.018189,2026-01-07T16:46:59.018190
gen_prescription-drugs_018,Omeprazole 20mg,High-quality Omeprazole 20mg from AstraZeneca. Professional pharmaceutical grade medication.,2308,prescription-drugs,General,AstraZeneca,/images/prescription_drugs/omeprazole_20mg.jpg,True,71,484537372365,True,AstraZeneca,[],tablet,['prescription drugs'],Generated,,,,,2026-01-07T16:46:59.018203,2026-01-07T16:46:59.018204
gen_prescription-drugs_021,Atenolol 50mg,High-quality Atenolol 50mg from Emzor. Professional pharmaceutical grade medication.,1503,prescription-drugs,General,Emzor,/images/prescription_drugs/atenolol_50mg.jpg,True,52,133913835831,True,Emzor,[],tablet,['prescription drugs'],Generated,,,,,2026-01-07T16:46:59.018223,2026-01-07T16:46:59.018224
gen_otc-medications_025,Boska Pain Relief,Effective Boska Pain Relief by Boska. Available over-the-counter for immediate relief.,541,otc-medications,General,Boska,/images/otc_medications/boska_pain_relief.jpg,True,142,315564511597,False,Boska,[],other,"['otc medications', 'pain relief']",Generated,,,,,2026-01-07T16:46:59.018251,2026-01-07T16:46:59.018251
gen_otc-medications_030,Vitamin C Tablets,Effective Vitamin C Tablets by Blackmores. Available over-the-counter for immediate relief.,958,otc-medications,Vitamins & Supplements,Blackmores,/images/otc_medications/vitamin_c_tablets.jpg,True,179,890788154718,False,Blackmores,['Ascorbic Acid'],tablet,"['otc medications', 'vitamin']",Generated,,,,,2026-01-07T16:46:59.018288,2026-01-07T16:46:59.018289
gen_otc-medications_033,Multivitamin,Effective Multivitamin by Nature's Bounty. Available over-the-counter for immediate relief.,2044,otc-medications,Vitamins & Supplements,Nature's Bounty,/images/otc_medications/multivitamin.jpg,True,137,563818613527,False,Nature's Bounty,[],other,"['otc medications', 'vitamin']",Generated,,,,,2026-01-07T16:46:59.018311,2026-01-07T16:46:59.018312
gen_otc-medications_035,Iron Tablets,Effective Iron Tablets by Feroglobin. Available over-the-counter for immediate relief.,2028,otc-medications,General,Feroglobin,/images/otc_medications/iron_tablets.jpg,True,107,187163766604,False,Feroglobin,[],tablet,['otc medications'],Generated,,,,,2026-01-07T16:46:59.018326,2026-01-07T16:46:59.018327
gen_otc-medications_038,Cough Syrup,Effective Cough Syrup by Benylin. Available over-the-counter for immediate relief.,1246,otc-medications,General,Benylin,/images/otc_medications/cough_syrup.jpg,True,161,205574653353,False,Benylin,[],liquid,['otc medications'],Generated,,,,,2026-01-07T16:46:59.018347,2026-01-07T16:46:59.018348
gen_otc-medications_043,Oral Rehydration Salt,Effective Oral Rehydration Salt by Emzor. Available over-the-counter for immediate relief.,280,otc-medications,General,Emzor,/images/otc_medications/oral_rehydration_salt.jpg,True,172,319593767379,False,Emzor,[],other,['otc medications'],Generated,,,,,2026-01-07T16:46:59.018382,2026-01-07T16:46:59.018383
gen_otc-medications_045,Eye Drops,Effective Eye Drops by Emzor. Available over-the-counter for immediate relief.,867,otc-medications,General,Emzor,/images/otc_medications/eye_drops.jpg,True,176,302161816157,False,Emzor,[],other,['otc medications'],Generated,,,,,2026-01-07T16:46:59.018395,2026-01-07T16:46:59.018396
gen_supplements_048,Cod Liver Oil,Premium Cod Liver Oil supplement from Seven Seas. Supports overall health and wellness.,4129,supplements,General,Seven Seas,/images/supplements/cod_liver_oil.jpg,True,195,100671035318,False,Seven Seas,[],other,['supplements'],Generated,,,,,2026-01-07T16:46:59.018417,2026-01-07T16:46:59.018418
gen_supplements_050,Calcium + Vitamin D,Premium Calcium + Vitamin D supplement from Nature's Bounty. Supports overall health and wellness.,3196,supplements,Vitamins & Supplements,Nature's Bounty,/images/supplements/calcium_+_vitamin_d.jpg,True,152,658193193543,False,Nature's Bounty,['Calcium Carbonate'],other,"['supplements', 'vitamin']",Generated,,,,,2026-01-07T16:46:59.018432,2026-01-07T16:46:59.018433
gen_supplements_052,Omega 3 Fish Oil,Premium Omega 3 Fish Oil supplement from Blackmores. Supports overall health and wellness.,4979,supplements,General,Blackmores,/images/supplements/omega_3_fish_oil.jpg,True,58,871909893184,False,Blackmores,[],other,['supplements'],Generated,,,,,2026-01-07T16:46:59.018447,2026-01-07T16:46:59.018448
gen_supplements_055,Zinc Tablets,Premium Zinc Tablets supplement from Centrum. Supports overall health and wellness.,1765,supplements,General,Centrum,/images/supplements/zinc_tablets.jpg,True,115,842207873497,False,Centrum,[],tablet,['supplements'],Generated,,,,,2026-01-07T16:46:59.018468,2026-01-07T16:46:59.018468
gen_supplements_058,Folic Acid,Premium Folic Acid supplement from Emzor. Supports overall health and wellness.,1385,supplements,General,Emzor,/images/supplements/folic_acid.jpg,True,133,939576304431,False,Emzor,[],other,['supplements'],Generated,,,,,2026-01-07T16:46:59.018486,2026-01-07T16:46:59.018486
gen_supplements_061,Magnesium Supplement,Premium Magnesium Supplement supplement from Blackmores. Supports overall health and wellness.,2039,supplements,Vitamins & Supplements,Blackmores,/images/supplements/magnesium_supplement.jpg,True,31,814549536327,False,Blackmores,[],other,['supplements'],Generated,,,,,2026-01-07T16:46:59.018508,2026-01-07T16:46:59.018509
gen_supplements_064,Vitamin E Capsules,Premium Vitamin E Capsules supplement from Nature's Bounty. Supports overall health and wellness.,2279,supplements,Vitamins & Supplements,Nature's Bounty,/images/supplements/vitamin_e_capsules.jpg,True,105,811596650469,False,Nature's Bounty,[],capsule,"['supplements', 'vitamin']",Generated,,,,,2026-01-07T16:46:59.018527,2026-01-07T16:46:59.018528
gen_supplements_067,B-Complex Vitamins,Premium B-Complex Vitamins supplement from Nature's Bounty. Supports overall health and wellness.,1914,supplements,Vitamins & Supplements,Nature's Bounty,/images/supplements/b-complex_vitamins.jpg,True,145,185058194531,False,Nature's Bounty,[],other,"['supplements', 'vitamin']",Generated,,,,,2026-01-07T16:46:59.018545,2026-01-07T16:46:59.018546
gen_beverages_075,Sprite 35cl,Refreshing Sprite 35cl by Coca Cola. Perfect for any occasion.,163,beverages,General,Coca Cola,/images/beverages/sprite_35cl.jpg,True,78,479817970785,False,Coca Cola,[],other,['beverages'],Generated,,,,,2026-01-07T16:46:59.018606,2026-01-07T16:46:59.018607
gen_beverages_078,Fanta Orange 50cl,Refreshing Fanta Orange 50cl by Coca Cola. Perfect for any occasion.,231,beverages,General,Coca Cola,/images/beverages/fanta_orange_50cl.jpg,True,101,482648151926,False,Coca Cola,[],other,['beverages'],Generated,,,,,2026-01-07T16:46:59.018626,2026-01-07T16:46:59.018627
gen_beverages_087,Chi Exotic Juice,Refreshing Chi Exotic Juice by Chi Limited. Perfect for any occasion.,356,beverages,General,Chi Limited,/images/beverages/chi_exotic_juice.jpg,True,115,193827427377,False,Chi Limited,[],other,['beverages'],Generated,,,,,2026-01-07T16:46:59.018688,2026-01-07T16:46:59.018688
gen_beverages_090,Bigi Cola 50cl,Refreshing Bigi Cola 50cl by Bigi. Perfect for any occasion.,199,beverages,Soft Drinks,Bigi,/images/beverages/bigi_cola_50cl.jpg,True,101,525774037819,False,Bigi,[],other,['beverages'],Generated,,,,,2026-01-07T16:46:59.018709,2026-01-07T16:46:59.018710
gen_beverages_092,Fearless Energy Drink,Refreshing Fearless Energy Drink by Fearless. Perfect for any occasion.,498,beverages,Soft Drinks,Fearless,/images/beverages/fearless_energy_drink.jpg,True,121,941381837544,False,Fearless,[],other,['beverages'],Generated,,,,,2026-01-07T16:46:59.018724,2026-01-07T16:46:59.018724
gen_beverages_095,La Casera 50cl,Refreshing La Casera 50cl by La Casera. Perfect for any occasion.,193,beverages,General,La Casera,/images/beverages/la_casera_50cl.jpg,True,127,927360605735,False,La Casera,[],other,['beverages'],Generated,,,,,2026-01-07T16:46:59.018743,2026-01-07T16:46:59.018744
gen_snacks_107,Plantain Chips,Delicious Plantain Chips from Chi Limited. Quality snack for any time of day.,510,snacks,Snacks,Chi Limited,/images/snacks/plantain_chips.jpg,True,39,371803690984,False,Chi Limited,[],other,['snacks'],Generated,,,,,2026-01-07T16:46:59.019088,2026-01-07T16:46:59.019089
gen_snacks_110,Groundnut,Delicious Groundnut from Local. Quality snack for any time of day.,244,snacks,General,Local,/images/snacks/groundnut.jpg,True,171,109484222251,False,Local,[],other,['snacks'],Generated,,,,,2026-01-07T16:46:59.019111,2026-01-07T16:46:59.019112
gen_snacks_112,Chinchin,Delicious Chinchin from Local. Quality snack for any time of day.,529,snacks,General,Local,/images/snacks/chinchin.jpg,True,104,834631273304,False,Local,[],other,['snacks'],Generated,,,,,2026-01-07T16:46:59.019129,2026-01-07T16:46:59.019130
gen_snacks_120,Don Simon Juice,Delicious Don Simon Juice from Don Simon. Quality snack for any time of day.,359,snacks,General,Don Simon,/images/snacks/don_simon_juice.jpg,True,121,484497736257,False,Don Simon,[],other,['snacks'],Generated,,,,,2026-01-07T16:46:59.019188,2026-01-07T16:46:59.019188
gen_personal-care_124,Savlon Antiseptic,Trusted Savlon Antiseptic by Savlon. Essential for personal hygiene and care.,974,personal-care,General,Savlon,/images/personal_care/savlon_antiseptic.jpg,True,106,707644845995,False,Savlon,[],other,"['personal care', 'antiseptic']",Generated,,,,,2026-01-07T16:46:59.019226,2026-01-07T16:46:59.019227
gen_personal-care_126,TCP Antiseptic,Trusted TCP Antiseptic by TCP. Essential for personal hygiene and care.,988,personal-care,General,TCP,/images/personal_care/tcp_antiseptic.jpg,True,40,222280228266,False,TCP,[],other,"['personal care', 'antiseptic']",Generated,,,,,2026-01-07T16:46:59.019240,2026-01-07T16:46:59.019241
gen_personal-care_128,Methylated Spirit,Trusted Methylated Spirit by Various. Essential for personal hygiene and care.,408,personal-care,General,Various,/images/personal_care/methylated_spirit.jpg,True,165,863595132565,False,Various,[],other,['personal care'],Generated,,,,,2026-01-07T16:46:59.019254,2026-01-07T16:46:59.019255
gen_personal-care_130,Hydrogen Peroxide,Trusted Hydrogen Peroxide by Various. Essential for personal hygiene and care.,586,personal-care,General,Various,/images/personal_care/hydrogen_peroxide.jpg,True,138,935395834855,False,Various,[],other,['personal care'],Generated,,,,,2026-01-07T16:46:59.019269,2026-01-07T16:46:59.019270
gen_personal-care_133,Cotton Wool,Trusted Cotton Wool by Various. Essential for personal hygiene and care.,577,personal-care,General,Various,/images/personal_care/cotton_wool.jpg,True,127,847652634716,False,Various,[],other,['personal care'],Generated,,,,,2026-01-07T16:46:59.019291,2026-01-07T16:46:59.019292
gen_personal-care_135,Bandages,Trusted Bandages by Various. Essential for personal hygiene and care.,404,personal-care,General,Various,/images/personal_care/bandages.jpg,True,16,706328974772,False,Various,[],other,['personal care'],Generated,,,,,2026-01-07T16:46:59.019306,2026-01-07T16:46:59.019307
gen_personal-care_137,Plaster/Band Aid,Trusted Plaster/Band Aid by Band Aid. Essential for personal hygiene and care.,357,personal-care,General,Band Aid,/images/personal_care/plaster/band_aid.jpg,True,158,739968337059,False,Band Aid,[],other,['personal care'],Generated,,,,,2026-01-07T16:46:59.019320,2026-01-07T16:46:59.019321
gen_personal-care_139,Thermometer,Trusted Thermometer by Digital. Essential for personal hygiene and care.,3190,personal-care,General,Digital,/images/personal_care/thermometer.jpg,True,174,764239567467,False,Digital,[],other,['personal care'],Generated,,,,,2026-01-07T16:46:59.019334,2026-01-07T16:46:59.019335
gen_household_147,Tissue Paper,Reliable Tissue Paper from Rose. Essential household item.,508,household,General,Rose,/images/household/tissue_paper.jpg,True,109,989900274422,False,Rose,[],other,['household'],Generated,,,,,2026-01-07T16:46:59.019396,2026-01-07T16:46:59.019397
gen_household_150,Detergent Powder,Reliable Detergent Powder from Omo. Essential household item.,680,household,General,Omo,/images/household/detergent_powder.jpg,True,134,856817874954,False,Omo,[],other,['household'],Generated,,,,,2026-01-07T16:46:59.019418,2026-01-07T16:46:59.019418
gen_household_153,Liquid Soap,Reliable Liquid Soap from Joy. Essential household item.,502,household,General,Joy,/images/household/liquid_soap.jpg,True,118,660534467567,False,Joy,[],liquid,['household'],Generated,,,,,2026-01-07T16:46:59.019441,2026-01-07T16:46:59.019442
gen_household_155,Disinfectant,Reliable Disinfectant from Izal. Essential household item.,894,household,General,Izal,/images/household/disinfectant.jpg,True,137,176587792378,False,Izal,[],other,['household'],Generated,,,,,2026-01-07T16:46:59.019456,2026-01-07T16:46:59.019457
gen_household_158,Air Freshener,Reliable Air Freshener from Baygon. Essential household item.,1133,household,General,Baygon,/images/household/air_freshener.jpg,True,134,694005553110,False,Baygon,[],other,['household'],Generated,,,,,2026-01-07T16:46:59.019480,2026-01-07T16:46:59.019481
gen_household_160,Insecticide Spray,Reliable Insecticide Spray from Baygon. Essential household item.,1145,household,General,Baygon,/images/household/insecticide_spray.jpg,True,69,406074664376,False,Baygon,[],other,['household'],Generated,,,,,2026-01-07T16:46:59.019495,2026-01-07T16:46:59.019496
gen_household_162,Matches,Reliable Matches from Various. Essential household item.,113,household,General,Various,/images/household/matches.jpg,True,75,900794510583,False,Various,[],other,['household'],Generated,,,,,2026-01-07T16:46:59.019515,2026-01-07T16:46:59.019516
gen_household_165,Candles,Reliable Candles from Various. Essential household item.,393,household,General,Various,/images/household/candles.jpg,True,155,990499424426,False,Various,[],other,['household'],Generated,,,,,2026-01-07T16:46:59.019535,2026-01-07T16:46:59.019536
gen_household_167,Batteries AA,Reliable Batteries AA from Duracell. Essential household item.,504,household,General,Duracell,/images/household/batteries_aa.jpg,True,173,338809178096,False,Duracell,[],other,['household'],Generated,,,,,2026-01-07T16:46:59.019549,2026-01-07T16:46:59.019550
gen_baby-care_173,Diapers Size 3,Gentle Diapers Size 3 by Huggies. Specially formulated for babies.,4475,baby-care,General,Huggies,/images/baby_care/diapers_size_3.jpg,True,61,866240460693,False,Huggies,[],other,['baby care'],Generated,,,,,2026-01-07T16:46:59.019597,2026-01-07T16:46:59.019598
gen_baby-care_175,Baby Wipes,Gentle Baby Wipes by Pampers. Specially formulated for babies.,1078,baby-care,Baby Care,Pampers,/images/baby_care/baby_wipes.jpg,True,149,322559709721,False,Pampers,[],other,"['baby care', 'baby']",Generated,,,,,2026-01-07T16:46:59.019612,2026-01-07T16:46:59.019613
gen_baby-care_177,Baby Lotion,Gentle Baby Lotion by Johnson's. Specially formulated for babies.,1787,baby-care,Baby Care,Johnson's,/images/baby_care/baby_lotion.jpg,True,48,883468387453,False,Johnson's,[],cream,"['baby care', 'baby']",Generated,,,,,2026-01-07T16:46:59.019628,2026-01-07T16:46:59.019629
gen_baby-care_180,Baby Shampoo,Gentle Baby Shampoo by Johnson's. Specially formulated for babies.,1223,baby-care,Baby Care,Johnson's,/images/baby_care/baby_shampoo.jpg,True,48,255486030138,False,Johnson's,[],other,"['baby care', 'baby']",Generated,,,,,2026-01-07T16:46:59.019652,2026-01-07T16:46:59.019652
gen_baby-care_186,Feeding Bottle,Gentle Feeding Bottle by Avent. Specially formulated for babies.,1708,baby-care,General,Avent,/images/baby_care/feeding_bottle.jpg,True,164,792306521064,False,Avent,[],other,['baby care'],Generated,,,,,2026-01-07T16:46:59.019695,2026-01-07T16:46:59.019696
gen_baby-care_188,Pacifier,Gentle Pacifier by MAM. Specially formulated for babies.,933,baby-care,General,MAM,/images/baby_care/pacifier.jpg,True,69,562925761380,False,MAM,[],other,['baby care'],Generated,,,,,2026-01-07T16:46:59.019708,2026-01-07T16:46:59.019709
gen_baby-care_190,Baby Food (Cerelac),Gentle Baby Food (Cerelac) by Nestle. Specially formulated for babies.,2209,baby-care,Baby Care,Nestle,/images/baby_care/baby_food_(cerelac).jpg,True,188,852758561221,False,Nestle,[],other,"['baby care', 'baby']",Generated,,,,,2026-01-07T16:46:59.019723,2026-01-07T16:46:59.019724
gen_baby-care_192,Teething Ring,Gentle Teething Ring by Avent. Specially formulated for babies.,1330,baby-care,General,Avent,/images/baby_care/teething_ring.jpg,True,172,564711329090,False,Avent,[],other,['baby care'],Generated,,,,,2026-01-07T16:46:59.019741,2026-01-07T16:46:59.019741
additional_prescription-drugs_001,Doxycycline 100mg,Broad-spectrum antibiotic,2800,prescription-drugs,,Kunle Ara Pharmacy,/images/prescription-drugs/doxycycline_100mg.jpg,True,58,,True,,,,,Additional Samples,2026-01-08T22:24:51.902281,,,,,
additional_prescription-drugs_002,Azithromycin 250mg,Macrolide antibiotic,3200,prescription-drugs,,Kunle Ara Pharmacy,/images/prescription-drugs/azithromycin_250mg.jpg,True,24,,True,,,,,Additional Samples,2026-01-08T22:24:51.902336,,,,,
additional_prescription-drugs_003,Ceftriaxone Injection,Injectable antibiotic,4500,prescription-drugs,,Kunle Ara Pharmacy,/images/prescription-drugs/ceftriaxone_injection.jpg,True,10,,True,,,,,Additional Samples,2026-01-08T22:24:51.902347,,,,,
additional_otc-medications_004,Aspirin 75mg,Low-dose aspirin,400,otc-medications,,Kunle Ara Pharmacy,/images/otc-medications/aspirin_75mg.jpg,True,54,,False,,,,,Additional Samples,2026-01-08T22:24:51.902352,,,,,
additional_otc-medications_005,Diclofenac Gel,Topical pain relief,1200,otc-medications,,Kunle Ara Pharmacy,/images/otc-medications/diclofenac_gel.jpg,True,27,,False,,,,,Additional Samples,2026-01-08T22:24:51.902358,,,,,
additional_otc-medications_006,Throat Lozenges,Sore throat relief,500,otc-medications,,Kunle Ara Pharmacy,/images/otc-medications/throat_lozenges.jpg,True,10,,False,,,,,Additional Samples,2026-01-08T22:24:51.902364,,,,,
additional_supplements_007,Omega-3 Fish Oil,Heart health supplement,4500,supplements,,Kunle Ara Pharmacy,/images/supplements/omega-3_fish_oil.jpg,True,29,,False,,,,,Additional Samples,2026-01-08T22:24:51.902368,,,,,
additional_supplements_008,Glucosamine Sulfate,Joint health support,5200,supplements,,Kunle Ara Pharmacy,/images/supplements/glucosamine_sulfate.jpg,True,38,,False,,,,,Additional Samples,2026-01-08T22:24:51.902372,,,,,
additional_supplements_009,Probiotics Capsules,Digestive health,3800,supplements,,Kunle Ara Pharmacy,/images/supplements/probiotics_capsules.jpg,True,39,,False,,,,,Additional Samples,2026-01-08T22:24:51.902376,,,,,
additional_beverages_010,Malt Drink,Non-alcoholic malt beverage,300,beverages,,Kunle Ara Pharmacy,/images/beverages/malt_drink.jpg,True,34,,False,,,,,Additional Samples,2026-01-08T22:24:51.902380,,,,,
additional_beverages_011,Sports Drink,Electrolyte replacement,400,beverages,,Kunle Ara Pharmacy,/images/beverages/sports_drink.jpg,True,23,,False,,,,,Additional Samples,2026-01-08T22:24:51.902384,,,,,
additional_beverages_012,Green Tea,Antioxidant tea,800,beverages,,Kunle Ara Pharmacy,/images/beverages/green_tea.jpg,True,24,,False,,,,,Additional Samples,2026-01-08T22:24:51.902388,,,,,
additional_snacks_013,Energy Bar,Nutritious energy snack,600,snacks,,Kunle Ara Pharmacy,/images/snacks/energy_bar.jpg,True,48,,False,,,,,Additional Samples,2026-01-08T22:24:51.902392,,,,,
additional_snacks_014,Dried Fruits,Healthy dried fruit mix,1200,snacks,,Kunle Ara Pharmacy,/images/snacks/dried_fruits.jpg,True,60,,False,,,,,Additional Samples,2026-01-08T22:24:51.902395,,,,,
additional_snacks_015,Protein Bar,High-protein snack bar,900,snacks,,Kunle Ara Pharmacy,/images/snacks/protein_bar.jpg,True,60,,False,,,,,Additional Samples,2026-01-08T22:24:51.902399,,,,,
additional_personal-care_016,Wound Spray,Antiseptic wound spray,1800,personal-care,,Kunle Ara Pharmacy,/images/personal-care/wound_spray.jpg,True,18,,False,,,,,Additional Samples,2026-01-08T22:24:51.902413,,,,,
additional_personal-care_017,Medical Tape,Adhesive medical tape,400,personal-care,,Kunle Ara Pharmacy,/images/personal-care/medical_tape.jpg,True,50,,False,,,,,Additional Samples,2026-01-08T22:24:51.902416,,,,,
additional_personal-care_018,Disposable Gloves,Latex-free gloves,800,personal-care,,Kunle Ara Pharmacy,/images/personal-care/disposable_gloves.jpg,True,25,,False,,,,,Additional Samples,2026-01-08T22:24:51.902422,,,,,
additional_household_019,Floor Cleaner,Multi-surface cleaner,1500,household,,Kunle Ara Pharmacy,/images/household/floor_cleaner.jpg,True,59,,False,,,,,Additional Samples,2026-01-08T22:24:51.902426,,,,,
additional_household_020,Garbage Bags,Heavy-duty garbage bags,600,household,,Kunle Ara Pharmacy,/images/household/garbage_bags.jpg,True,11,,False,,,,,Additional Samples,2026-01-08T22:24:51.902430,,,,,
additional_household_021,Light Bulbs,LED energy-saving bulbs,800,household,,Kunle Ara Pharmacy,/images/household/light_bulbs.jpg,True,48,,False,,,,,Additional Samples,2026-01-08T22:24:51.902434,,,,,
additional_baby-care_022,Baby Thermometer,Digital baby thermometer,3500,baby-care,,Kunle Ara Pharmacy,/images/baby-care/baby_thermometer.jpg,True,59,,False,,,,,Additional Samples,2026-01-08T22:24:51.902437,,,,,
additional_baby-care_023,Diaper Rash Cream,Protective barrier cream,1500,baby-care,,Kunle Ara Pharmacy,/images/baby-care/diaper_rash_cream.jpg,True,39,,False,,,,,Additional Samples,2026-01-08T22:24:51.902441,,,,,
additional_baby-care_024,Baby Carrier,Ergonomic baby carrier,8500,baby-care,,Kunle Ara Pharmacy,/images/baby-care/baby_carrier.jpg,True,51,,False,,,,,Additional Samples,2026-01-08T22:24:51.902447,,,,,
